"Year","genotype","SPI","HI","GY","GN","FE","CV1","CV2"
2022,"AGS_2020",0.356145287,0.330054546,274.3420879,15645.83281,43.36929882,3,2
2022,"AGS_2060",0.401466368,0.297658199,430.6644452,17998.78654,51.22206604,5,4
2022,"AGS_2485",0.331003935,0.342530688,404.3319633,18800.53636,49.08693633,4,1
2022,"AGS_CL7",0.307350825,0.402771024,659.2353669,21388.30971,58.10232196,4,3
2022,"AR00343-5-1",0.253912976,0.315409984,474.7913207,20041.85017,93.50366752,4,5
2022,"AR01040-4-1",0.281695186,0.356042414,564.688528,25595.85922,90.68615134,3,3
2022,"AR01156-2-1",0.292765119,0.351486955,337.9043302,17900.46731,76.27798049,4,3
2022,"AR01163-3-1",0.272860819,0.265316938,347.2182406,22369.99545,95.4601935,3,4
2022,"AR04016-4",0.345,0.4189144,600.5525399,17215.97209,25.10787016,4,1
2022,"AR06017-6-2",0.342181448,0.294026076,280.9022525,11127.5864,68.14851379,5,1
2022,"AR07047-13-2",0.231447397,0.335301295,447.2404784,16487.89753,119.183958,4,1
2022,"AR07076-20-1",0.305290919,0.411033497,395.8038731,20106.18087,78.31644961,2,5
2022,"AR07090-1-4",0.297802153,0.350179884,428.7945213,17980.95027,77.13360794,5,4
2022,"AR07114-3-4",0.335956197,0.399161356,336.9391176,14561.01619,45.43138191,5,1
2022,"AR07117-12-1",0.278442801,0.312605781,353.503042,16661.01495,53.16839683,3,1
2022,"AR07124-1-4",0.392248659,0.303609884,460.2547045,22919.74758,57.63810937,1,2
2022,"AR910",0.311284283,0.338463316,417.4538088,16717.3517,80.12768662,1,4
2022,"AR99015-3-3",0.549048477,0.398969833,588.8793659,20268.92705,35.3942115,5,1
2022,"ARLA05104F-18-1",0.298852937,0.430668956,693.8472134,23277.81906,73.06094152,5,4
2022,"ARLA07080C-3-4",0.400934994,0.321398897,462.4103212,21510.55965,49.20611412,4,4
2022,"ARLA07084C-10-1",0.325653214,0.365474455,533.9881173,23653.37426,61.37698403,3,4
2022,"ARS05-0241",0.365884814,0.32156252,309.6352599,18704.71042,49.21733939,2,3
2022,"ARS07-0912",0.311882593,0.214431849,158.1553549,7625.493789,128.0217925,5,5
2022,"ARS09-776",0.312145949,0.330620531,375.6117454,14135.75391,38.68485514,5,5
2022,"Baldwin",0.291819126,0.331278443,612.8309937,21091.96794,59.37902524,5,4
2022,"Coker_762",0.421261291,0.387356571,324.1611009,17122.23264,33.79518242,1,5
2022,"Coker_797_JJ",0.345,0.357270622,381.4225613,16881.37736,28.16642397,2,3
2022,"Coker_9553",0.373561631,0.347031255,412.9346025,15959.63303,82.94404179,4,5
2022,"Coker_9663_Syn",0.308009864,0.393155165,393.3556028,13704.07749,54.66968243,5,4
2022,"Coker_9803_CG",0.419783655,0.391869936,503.9840834,19937.83159,46.88513691,1,5
2022,"Coker_9835_PM",0.393073479,0.38455031,673.759199,22066.80517,43.94970397,3,5
2022,"Delta_King_GR9108",0.249824179,0.316490538,354.1414064,15883.65098,71.04736025,4,3
2022,"FL_302_JJ",0.256666868,0.238745276,114.8900767,6670.143692,51.55323335,5,5
2022,"FL01108C-K2",0.309073858,0.275502683,363.9592642,20197.23287,163.9458436,4,1
2022,"FL02006C-K1",0.475163744,0.406726672,570.044967,17351.17069,33.45718005,1,1
2022,"FL02036C-K6",0.439553807,0.413053748,489.316202,16366.16171,32.99282721,2,1
2022,"FL14P368-LA09128UC-41",0.321860792,0.354420843,339.129745,12636.32381,74.28561264,5,4
2022,"GA00067-8E35",0.305664259,0.428594459,448.168423,21273.68725,56.8084711,1,5
2022,"GA001138-8E37",0.325203733,0.374383545,667.2537212,23657.25032,82.91013693,3,3
2022,"GA001142-9E23",0.329961122,0.351711983,397.3745331,18851.62893,66.6153928,1,2
2022,"GA001142-9E24",0.31405182,0.405575477,640.6949655,20484.6818,49.31233974,3,2
2022,"GA001169-7E15",0.380548446,0.427200225,452.2830545,18357.22342,69.62658697,5,5
2022,"GA021245-9E16",0.289674918,0.327314655,449.2820798,21770.06668,74.82185246,2,5
2022,"GA021338-9E4",0.354874433,0.4026006,494.919901,16780.05261,45.87881234,5,4
2022,"GA021338-9EE11",0.388509765,0.339594481,682.9710876,23005.86852,61.86739603,3,1
2022,"GA02328-8A21",0.439116189,0.371894512,624.6468861,18357.55333,83.82059612,3,5
2022,"GA03060-9E29",0.530371403,0.304412112,697.0140143,23591.53798,52.99959702,1,2
2022,"GA03564-9EE42",0.447626062,0.368365739,597.5496104,20002.67115,56.40505154,1,3
2022,"GA04434-12LE28",0.249261401,0.342580142,639.1751823,22915.9135,79.49639259,1,2
2022,"GA051207-14E53(13ESc11)",0.303700823,0.34024021,550.731994,19665.96029,144.1725235,5,1
2022,"GA051336-B-B-1",0.447168737,0.369110034,584.8426325,25521.25819,61.87170413,1,3
2022,"GA05450-15LE41",0.360913604,0.347466027,359.1035788,16094.35504,183.9103497,1,4
2022,"GA061082-13E24",0.308903498,0.365402796,460.981559,17753.14039,55.82786544,3,3
2022,"GA061471-15LE38",0.270012348,0.312390988,595.4245707,26851.82963,96.69240764,4,2
2022,"GA06283-15LE25",0.311272741,0.3948262,514.5722916,19899.72987,58.92327812,4,5
2022,"GA071227-15LE7",0.275134463,0.287030537,531.0274741,21226.35995,192.1696076,2,4
2022,"GA071598-15LE12",0.313840075,0.374102525,518.5124696,20130.49566,87.09926622,2,2
2022,"GA07270-12E15",0.309642641,0.363026604,525.8723609,15882.88076,58.81556985,3,1
2022,"GA08028-15LE11",0.264322388,0.314384854,394.2407046,19494.8856,76.69308717,3,3
2022,"GA081018-15LE13",0.258704213,0.392977086,530.3636017,19549.07726,60.58466525,3,1
2022,"GA081018-15LE14",0.311624756,0.337742344,516.5142072,20310.42485,95.00040057,2,4
2022,"GA081174-15E34",0.502847035,0.42218245,622.5947654,20889.27445,35.71323214,1,4
2022,"GA081183-15LE31",0.328009855,0.303165585,414.5637656,20228.51197,85.67099372,5,3
2022,"GA081515-G1-G2",0.345,0.409427445,630.3808351,26719.52275,33.67005742,2,5
2022,"GA08250-15LE46",0.401775206,0.381799012,584.8726388,23522.21051,57.386093,4,3
2022,"GA08510-15E9",0.405233434,0.433739555,634.2561562,22517.37933,51.04240839,4,1
2022,"GA09283-G1-G1",0.296353026,0.287157161,443.6211972,21058.69744,87.09223239,3,2
2022,"GA10041-15E59",0.400004364,0.398067652,595.4843514,22756.41351,76.75539973,3,5
2022,"GA222-22-5",0.312794402,0.343509321,441.8129742,21233.09438,71.73666387,3,4
2022,"GA991227-6A33",0.431632797,0.310265451,312.5741273,12908.92194,32.2118341,5,4
2022,"GA991371-6E12",0.408579504,0.4172338,643.4305657,23879.22473,54.93319606,3,2
2022,"Gore_JJ",0.307021233,0.430987537,609.0067312,20635.80751,65.82524852,3,5
2022,"IL00-8641",0.320120533,0.329399415,255.5762645,10868.90538,56.11289424,1,2
2022,"Jamestown",0.268187091,0.398104516,519.2372965,26261.36328,55.97433588,3,4
2022,"Jaypee_CS",0.388735276,0.359055383,495.6582055,21116.2651,52.12030588,2,5
2022,"Keiser",0.282465699,0.30046262,240.5509827,11960.08713,73.14427903,2,5
2022,"KY02C-1121-11",0.297120945,0.357410161,435.7550833,16626.38623,123.2611836,2,1
2022,"LA01110D-100-6-4",0.482775603,0.461898983,690.6180113,21820.15111,34.08210325,2,3
2022,"LA01110D-81-1-B",0.316491231,0.444619804,463.0119728,22108.10908,78.29712416,2,1
2022,"LA01139D-86-6-2",0.297109855,0.352974952,543.0837213,19709.29662,101.2592979,3,4
2022,"LA02015E201",0.326481974,0.411373438,643.3892824,25730.12014,75.91513884,1,5
2022,"LA02015E42",0.328813787,0.395701215,562.1043216,20000.84201,66.71081908,4,2
2022,"LA02015E58",0.393012209,0.391093315,524.4029707,18753.16183,47.42050824,4,3
2022,"LA02024E12",0.430462164,0.428648317,508.9165929,23316.11368,70.05994026,5,2
2022,"LA03012E-27",0.34431352,0.323263687,365.2503573,16100.90865,38.74947018,2,5
2022,"LA03118E117",0.409618043,0.352951546,246.4284112,11936.02576,31.70094686,1,4
2022,"LA03136E71",0.473528588,0.557294579,614.5413418,18246.20182,64.30090221,2,1
2022,"LA03148E12",0.427556913,0.333033366,486.540902,23007.03732,51.7048369,2,1
2022,"LA03161D-P1",0.383678857,0.397082513,372.7954477,15877.22513,52.01080638,5,5
2022,"LA03200E-2",0.395529896,0.355824815,510.9775451,19877.9398,61.90194123,4,2
2022,"LA03217E2",0.317759097,0.415704183,442.5685628,18802.37319,87.19796882,3,3
2022,"LA03224E-39",0.252995889,0.308608666,401.0854076,15550.85716,80.85483302,1,3
2022,"LA04041D-10",0.317837679,0.408295608,612.6001892,22816.3209,71.94141005,2,3
2022,"LA06146E-P7",0.486887301,0.39227149,533.6200248,18725.59998,54.3197897,1,2
2022,"LA07040D-P01",0.365425841,0.378005278,558.1259901,21524.23483,68.83965568,1,3
2022,"LA07128C-91",0.284752244,0.365064512,487.3311386,21171.33832,61.64117916,4,3
2022,"LA08062C-P5",0.414965525,0.370674136,462.5690569,18460.08687,39.40623975,4,5
2022,"LA08090C-9-2",0.314509405,0.34826847,550.6416463,21573.51405,64.80806196,1,5
2022,"LA08095D-4",0.465669727,0.389063331,533.3243459,21436.90188,47.46313885,5,1
2022,"LA08265C-50",0.39676184,0.359102187,515.0983326,22354.50392,45.07018622,1,4
2022,"LA09011UB-2",0.337195536,0.463540698,653.4240448,21262.64282,95.88716041,1,1
2022,"LA09013UB-3",0.398155805,0.337861173,539.4049047,17734.85145,54.70186263,3,1
2022,"LA09050C-P4",0.364375599,0.340367151,498.9712223,21894.87487,47.49887624,4,2
2022,"LA09122UB-43",0.384698255,0.317972439,537.1995232,23716.61732,88.1502881,5,2
2022,"LA09224C-28",0.349218852,0.402746559,466.5163002,16899.07827,70.44164745,3,5
2022,"LA09264C-P2",0.275469773,0.383648256,451.7481295,16856.63708,124.9609236,4,5
2022,"LA754",0.295039839,0.387301204,524.0945571,21802.04702,29.17260703,2,2
2022,"LA97113UC-124",0.272118308,0.30444987,529.4701535,18494.5274,58.54452393,4,2
2022,"Madison_CS",0.252170937,0.34821666,287.983523,15738.80298,82.6270057,3,5
2022,"MAGNOLIA",0.362715177,0.22071035,208.7972772,10494.24504,77.52471052,1,3
2022,"Massey_CG",0.2892494,0.253392032,221.2606892,10954.6331,97.68141679,1,3
2022,"McNair_701",0.272193648,0.366689967,391.9636944,14918.83369,63.73550981,1,1
2022,"MD00W16-07-3",0.337961995,0.339589593,165.1705039,10509.02219,46.78215359,4,5
2022,"NC06BGTAG12",0.396058834,0.316499203,383.8587269,15752.77542,52.17383223,5,4
2022,"NC08-23089",0.380919396,0.36849462,432.4174624,20934.79714,53.66611017,2,2
2022,"NC08-23323",0.367292117,0.264564711,510.1980267,20666.34706,68.00980175,4,4
2022,"NC08-23324",0.276495582,0.296206445,453.8815843,18515.63303,67.61036485,1,2
2022,"NC08-23383",0.342847911,0.373866533,526.8420996,22982.68595,143.0550007,5,4
2022,"NC11-22289",0.328958915,0.368343752,506.7346132,18826.94012,61.39487181,5,3
2022,"NC11-23321",0.263611627,0.389523584,500.4282362,20139.30965,117.9572393,5,1
2022,"NC13-20076",0.364143423,0.346402158,399.7123194,20737.55246,60.97102276,2,3
2022,"NC13-20722",0.275029686,0.41107081,563.2564573,24970.20469,126.2889026,4,3
2022,"NC13-20773",0.323157336,0.341240102,550.1389309,23405.0801,65.50593867,4,3
2022,"NC13-21321",0.315167278,0.353949423,404.6056211,19050.96176,70.87935328,1,1
2022,"NC13-21338",0.273872534,0.33879115,525.4327447,16640.6399,41.87851128,2,3
2022,"NC97BGTAB9",0.318041802,0.328286805,403.9369352,16476.6392,63.41567885,4,5
2022,"Oglethorpe",0.304357968,0.373462072,459.4954409,16923.63238,83.03084188,4,5
2022,"Pioneer_2684_CG",0.340489495,0.384191939,401.8933004,17168.60894,61.36938908,1,1
2022,"Pioneer_26R31_CG",0.381065892,0.417469642,270.827467,11781.86481,50.79130074,2,5
2022,"Pioneer_26R61_JJ",0.297863104,0.303839845,423.3664539,15563.8577,40.22564329,4,2
2022,"Rosen",0.257293418,0.393590094,356.7124303,14628.41409,84.92484944,1,3
2022,"SCAR99175B1",0.311633909,0.319254088,537.5059466,23130.00305,58.37702384,4,3
2022,"SCLA1102G1",0.311474413,0.362246129,564.2100249,25224.69935,71.17142876,5,3
2022,"SCLA1110R1",0.31606024,0.394283691,651.9401784,24504.19146,84.02634184,3,2
2022,"SCLA99049D-E1-J1",0.430130171,0.451408363,633.5001537,26551.01552,63.9851474,4,4
2022,"SCW010025G1",0.252498344,0.328403484,438.326842,20341.20696,230.7505788,2,5
2022,"SCW990013A1",0.340264345,0.347099751,519.4222464,22922.91143,46.88420873,3,2
2022,"Severn",0.268007615,0.368833122,164.6930683,7701.261171,48.54774961,2,3
2022,"SH555",0.323103333,0.422518992,610.586443,24039.79746,53.74775292,5,3
2022,"SS8641_JJ",0.260786383,0.332405437,592.8881265,25081.29042,67.732283,4,1
2022,"Tribute_CG",0.377717299,0.374583977,451.8024614,16989.32736,107.2155313,3,5
2022,"TX12D4625",0.304040099,0.404112695,482.3672259,17909.97288,97.69432606,4,2
2022,"TX12D4768",0.447520449,0.382561159,628.2173686,19308.22537,31.40838184,5,2
2022,"TX12D4845",0.453291077,0.341184274,565.6217478,22219.46722,36.18956885,4,3
2022,"TX13D5137",0.436548405,0.386917815,496.5040349,18719.10526,37.03570816,1,2
2022,"TX14D8086",0.450284173,0.334367652,498.9653072,19892.29444,46.56225613,1,4
2022,"TX14D8234",0.320350127,0.341996576,498.5465837,18937.76065,71.41812093,1,1
2022,"TX14D8504",0.512829176,0.390982393,631.9051015,24930.02291,36.58098814,3,2
2022,"USG3120",0.270571926,0.28799822,534.6636341,18941.23981,82.01548167,3,5
2022,"VA00W-38",0.296275173,0.373053952,417.8138188,14719.74498,46.56269416,2,4
2022,"VA01W713",0.393859338,0.411685608,528.5872688,18732.16439,42.02903624,2,3
2022,"VA07MAS4-7417-1-3-3",0.323688456,0.343598075,513.2882763,19948.61927,138.4113676,3,3
2022,"VA12W-72",0.231504933,0.385654811,578.1818571,20404.1217,84.26457577,5,5
2022,"VA12W-97",0.313288845,0.322610136,520.239072,23467.09438,231.699317,2,1
2022,"VA13W-124",0.289132379,0.446836773,613.8093458,35687.89705,116.3058746,1,2
2022,"Wakeland_CG",0.345,0.196773783,225.6552528,8156.413907,62.39,3,5
2023,"AGS_2020",0.334285158,0.33281706,450.5784935,21512.20847,100.4328186,3,3
2023,"AGS_2060",0.297418424,0.276569746,214.2136965,11650.24107,66.81066131,5,5
2023,"AGS_2485",0.281506123,0.323546185,182.5524706,8244.42348,61.7507847,4,4
2023,"AGS_CL7",0.276544024,0.370143545,490.6067497,19074.03193,124.0627688,4,5
2023,"AGS2024",0.414589801,0.420668146,465.4241855,19773.15175,45.95032332,1,5
2023,"AGS2060",0.299346447,0.28599844,175.2963899,7961.025823,81.49431515,4,2
2023,"AGS3015",0.340974567,0.377850339,385.1404786,20897.2652,92.77653413,2,4
2023,"AR00090-1-1",0.285724654,0.355455857,551.5272712,20955.26437,108.9347983,2,5
2023,"AR00343-5-1",0.274804307,0.36558501,228.8203133,13183.60674,70.33409267,4,3
2023,"AR01008-12-2-C",0.328178135,0.355676266,422.1820557,18113.86441,68.09373334,5,5
2023,"AR01040-4-1",0.254780982,0.34473581,227.2801965,13570.16051,67.77134916,3,1
2023,"AR04084-1-3",0.293186144,0.295850791,407.6890223,19611.08551,74.70893599,4,1
2023,"AR04119-3",0.294412279,0.366512362,421.3289649,15529.24033,60.55747735,4,2
2023,"AR05067-1-2",0.382204604,0.343715699,455.5602596,20327.32627,73.38226095,5,4
2023,"AR07047-13-2",0.310984282,0.252749469,277.0775606,13314.51819,94.77459471,4,5
2023,"AR07076-20-1",0.288621179,0.303146795,304.150716,16208.46095,63.60521349,2,2
2023,"AR07090-1-4",0.275738326,0.295765414,345.3939578,18123.33861,112.8256211,5,5
2023,"AR07117-12-1",0.29101604,0.403976989,333.9543394,21102.87701,65.16549768,3,4
2023,"AR07124-1-4",0.380136028,0.297513473,291.0824547,14479.47059,49.36400559,1,5
2023,"AR910",0.37202786,0.305114521,260.8121587,11998.61029,36.88187916,1,3
2023,"ARLA05104F-18-1",0.394505503,0.390542881,491.258561,19703.99216,68.25274879,5,5
2023,"ARLA07080C-3-4",0.342630653,0.329493908,386.2583912,15621.43429,50.92553719,4,3
2023,"ARLA07084C-10-1",0.238044538,0.326046839,276.9438177,14011.49912,88.03382359,3,5
2023,"ARS05-0241",0.360795328,0.370356376,373.6945312,16681.75973,83.79062095,2,2
2023,"ARS09-776",0.425016654,0.297189656,333.8956018,15225.32128,57.16208262,5,1
2023,"Baldwin",0.355540538,0.291282392,487.573813,23443.4532,92.42091032,5,3
2023,"Coker_9835_PM",0.339783552,0.390537585,451.0646077,19909.01251,85.54489077,3,3
2023,"Delta_King_GR9108",0.24381282,0.32341792,267.9516907,11310.52223,113.785525,4,2
2023,"FL01108C-K2",0.358865277,0.363104666,476.5536341,21027.0199,110.8585154,4,4
2023,"FL02006C-K1",0.303226131,0.315276564,250.834198,11248.26104,101.3993243,1,3
2023,"FL02036C-K6",0.365880102,0.340138977,384.3241225,16412.4928,58.85716374,2,2
2023,"FL02154C-K3",0.430459457,0.335889661,444.7059913,19854.29472,44.33298166,5,1
2023,"FL14007-11",0.296452518,0.352522795,417.3966977,17120.55172,79.04999721,2,4
2023,"FL14007-2",0.296395904,0.292489405,358.0662475,15889.92736,102.0269122,5,1
2023,"FL14007-36",0.275103497,0.359917303,429.2218966,16856.62183,86.76817676,4,5
2023,"FL14007-7",0.284957283,0.36499622,455.5533803,18540.80895,65.72764415,2,2
2023,"FL14020-56",0.299614642,0.329990252,440.7692913,16110.46535,128.7465558,2,1
2023,"FL14025-46",0.228961292,0.411376159,486.8993755,19713.89263,120.3795271,4,3
2023,"FL14025-49",0.297352361,0.411655346,446.1542294,17260.19161,52.7016005,3,1
2023,"FL14025-52",0.375402421,0.332051854,437.9641209,19051.2708,56.1557484,4,5
2023,"FL14025-53",0.346186362,0.290575987,382.8442168,12546.23009,52.4239597,1,3
2023,"FL14025-66",0.286684251,0.349130792,321.5747872,13119.80823,75.59698009,3,1
2023,"FL14029-53",0.310043765,0.338678093,309.7254697,15124.20514,67.36818171,4,3
2023,"FL14029-76",0.28399598,0.331056573,475.5400098,18911.24379,64.19857779,1,4
2023,"FL14041-70",0.334662333,0.32157974,401.4568329,16578.66738,72.60494242,4,4
2023,"FL14047-57",0.342987454,0.308273718,360.6743257,18200.74722,72.90117442,1,4
2023,"FL14062-7",0.32488844,0.368371291,384.0264861,15379.99409,57.56036723,4,5
2023,"FL14062-9",0.340764565,0.403986583,470.4926076,20093.49372,67.81960736,3,1
2023,"FL14064-74",0.361099121,0.368567324,405.5042103,16980.85108,56.53732919,1,1
2023,"FL14065-77",0.352943614,0.304175509,406.9473257,16002.61498,65.92729883,5,2
2023,"FL14088-52",0.318056793,0.320396693,336.2043894,19154.10336,110.5375153,2,5
2023,"FL14088-54",0.409033706,0.399559264,451.7868699,21839.47104,92.54335791,5,2
2023,"FL14088-75",0.287224409,0.282601785,539.9659611,18892.01053,85.44189205,4,4
2023,"FL14092-54",0.299625077,0.380287565,467.8488547,18862.09759,135.021374,2,1
2023,"FL14094-42",0.37191333,0.359550895,379.1556728,17663.00859,81.60467885,5,2
2023,"FL14094-52",0.301684329,0.353285014,530.8109786,21590.45637,122.7196778,5,3
2023,"FL14094-54",0.314186814,0.345208421,386.3707244,15327.14402,79.19984714,2,3
2023,"FL14094-62",0.356341853,0.302691063,389.0581872,13369.16044,59.89311763,5,2
2023,"FL14094-73",0.395155356,0.420046088,322.3098652,15978.62563,52.15468194,4,4
2023,"FL14094-74",0.306406349,0.293749345,343.0238036,13257.86919,72.98587835,3,5
2023,"FL14122-10",0.323322924,0.349125677,381.8870139,20911.53297,84.04153015,3,3
2023,"FL14125-17",0.346414272,0.343468442,475.2457398,20263.00771,67.97095291,1,5
2023,"FL14125-24",0.286611881,0.333431197,419.7528623,16452.93982,93.79804217,3,2
2023,"FL14125-29",0.268426238,0.434931013,327.219766,13537.04567,41.6695817,2,3
2023,"FL14126-50",0.295507391,0.301913342,389.1239689,15896.19299,114.0135522,4,1
2023,"FL14126-65",0.350586684,0.324734384,433.5358834,23877.60376,86.18434046,3,3
2023,"FL14126-76",0.30012568,0.33608581,462.88462,21028.40815,76.10876805,5,1
2023,"FL14131-27",0.406720181,0.411394608,378.7537031,13256.8301,36.06412982,2,5
2023,"FL14131-31",0.284113294,0.256791636,329.0686718,12025.73465,85.67872277,2,3
2023,"FL14131-6",0.320030917,0.367342476,488.5512898,19242.04645,100.1728452,3,2
2023,"FL14142-26",0.318335225,0.406017013,417.4119127,21086.93242,77.91357975,4,4
2023,"FL14143-42",0.445376132,0.364721977,286.6209869,9213.734912,40.39987549,1,3
2023,"FL14157-33",0.339010239,0.321639186,226.8183989,14382.07837,89.41016652,1,3
2023,"FL14167LDH-158",0.414589941,0.336289832,295.8544387,12280.30704,47.44926523,2,5
2023,"FL14194-17",0.300634081,0.365979832,461.1268931,16982.22718,63.9857162,2,1
2023,"FL14218-17",0.347412417,0.345799764,408.0601919,18717.26679,58.06433737,4,2
2023,"FL14P368-LA09128UC-41",0.295087587,0.352215195,348.5888143,12709.67266,71.74703448,5,3
2023,"FL15020-50",0.293702871,0.33422645,539.4293613,27355.9225,135.8025684,2,3
2023,"FL15023-43",0.350052719,0.331076575,537.4721041,20694.39032,82.08803604,5,1
2023,"FL15023-56",0.306529422,0.378479647,399.9915854,15129.29845,106.7915614,3,2
2023,"FL15034-7",0.378506592,0.357903627,570.1153114,19898.46215,55.7668161,5,5
2023,"FL15052-18",0.378735894,0.285678671,354.4257585,17239.74601,82.07474674,1,2
2023,"FL15078-44",0.312338957,0.337546385,486.5081921,22208.69042,86.88135581,2,5
2023,"FL15090-6",0.350169408,0.352796618,414.5699926,16452.57512,58.00850287,4,5
2023,"FL15099-73",0.371113286,0.289699574,446.1550023,19718.49588,92.64818935,1,4
2023,"FL15100-8",0.355321291,0.339625143,473.6586444,17868.17601,54.53761087,2,4
2023,"FL15105-LDH039",0.336781893,0.32039977,402.7214115,17641.2103,66.20024049,1,4
2023,"FL15105-LDH043",0.358432101,0.339729619,326.6900486,15236.4127,39.16198647,2,1
2023,"FL15105-LDH179",0.360951627,0.35350424,327.6615423,20107.62338,67.86877852,5,5
2023,"FL15105-LDH265",0.312497092,0.372050546,467.0320972,19248.94697,66.95997581,3,3
2023,"FL15113-71",0.339022722,0.388494691,609.0914445,19954.31571,67.38013339,1,2
2023,"FL16009LDH-16",0.30037322,0.367665647,461.5165365,17552.28163,92.13996867,5,1
2023,"FL16009LDH-18",0.341676069,0.338500864,466.6348926,21171.96597,83.91858534,1,1
2023,"FL16016LDH-43",0.416433402,0.441096035,633.5820661,19898.96671,57.6978743,3,2
2023,"FL16016LDH-48",0.384970236,0.332974082,448.5805333,16829.34877,48.81958,3,3
2023,"FL16027LDH-42",0.32393713,0.359348845,453.0390284,14295.52146,54.50391938,2,1
2023,"FL16045LDH-25",0.307584591,0.431943596,439.375847,17403.66239,69.40782421,2,3
2023,"FL17022DH-1",0.407372297,0.298643342,322.177224,14254.04292,83.11404153,4,3
2023,"FL17022DH-35",0.231204006,0.410174966,332.1643072,14824.96969,85.09769169,2,2
2023,"FL17056DH-59",0.471648571,0.352936187,274.215479,14938.30667,55.12162803,3,1
2023,"FL17056DH-92",0.51316355,0.387261149,333.007983,13720.25851,41.37128829,2,1
2023,"FL17103DH-32",0.287229058,0.332430486,475.1429649,20231.41936,129.8511625,2,1
2023,"FL17103DH-34",0.320902385,0.35454936,476.4675629,19287.3852,85.41954552,5,4
2023,"FL17103DH-47",0.325928382,0.355213297,349.200742,15310.55762,55.12285845,2,5
2023,"FLAKLCS20DH-191",0.375330186,0.312646406,364.2989638,18786.546,151.1938088,5,4
2023,"FLAR160389LDH-43",0.270098704,0.312627869,497.3716041,20763.61198,146.4696389,5,1
2023,"FLAR160389LDH-47",0.360915417,0.341972876,398.2178671,14417.58391,62.56930927,3,2
2023,"FLAR160389LDH-57",0.344578402,0.380443759,430.4265366,16725.92981,76.74819529,5,3
2023,"FLAR160643LDH-48",0.367620334,0.381155664,506.9216459,18099.69583,78.41365835,1,4
2023,"FLAR160643LDH-52",0.34164704,0.277324173,381.9571974,14659.21066,85.41549506,3,4
2023,"FLGA11025-58",0.435594806,0.30737134,423.7660958,20253.21363,83.47210773,2,1
2023,"FLGA11025-62",0.393126932,0.331100136,357.0420949,17396.73944,106.8581492,3,4
2023,"FLGA111151-41",0.329760805,0.34147972,435.0467633,18502.88804,64.01737557,1,5
2023,"FLGA111151-55",0.395868793,0.312543844,444.1544932,19924.66457,72.23415129,1,3
2023,"FLGA111151-61",0.341900458,0.36851357,578.0083926,20105.11537,54.07253299,5,5
2023,"FLGA111151-67",0.257933765,0.299157454,524.6475833,21554.90628,94.26011745,2,3
2023,"FLGA111151-80",0.384341708,0.344544942,403.3389585,19280.71937,63.31364153,5,5
2023,"FLGA111515-61",0.316940198,0.32819117,531.2847147,21095.89602,105.5218033,4,1
2023,"FLGA111576-38",0.328944299,0.332667251,432.4076451,15786.22711,54.00632494,2,5
2023,"FLGA11375-25",0.357621103,0.371021135,598.322593,23467.85771,73.2467505,1,5
2023,"FLGA11445-61",0.347195199,0.348592404,275.4049263,11764.38374,59.96559498,1,1
2023,"FLGA161137LDH-23",0.424211057,0.394620957,566.1929958,17689.66056,43.31797715,3,5
2023,"FLGA161137LDH-63",0.348814425,0.330794205,426.3085045,20336.49887,69.96981407,3,2
2023,"FLGA181102-97NCDH",0.323430094,0.355650592,410.1387556,17957.98509,51.88098088,3,3
2023,"FLGA181103-107NCDH",0.386823593,0.392711236,359.5016219,12364.24591,60.76312095,2,1
2023,"FLGA181103-44NCDH",0.478493917,0.383295469,319.1324077,9083.745573,47.29497132,1,1
2023,"FLGA181103-6NCDH",0.352719019,0.436496439,527.9165141,19385.134,77.40709946,4,5
2023,"FLLA11004-7",0.36818917,0.381277474,434.2678427,17573.77996,58.62043159,2,4
2023,"FLLA12145-7",0.349767404,0.366623545,343.4165714,16896.20102,74.81543937,1,4
2023,"FLLA13039-32",0.339662948,0.327609752,474.19845,21961.69287,78.29346601,1,1
2023,"FLLA13039-36",0.272402967,0.371101884,543.0215374,25219.31904,97.96672143,3,1
2023,"FLLA13069-55",0.318810483,0.363892471,500.8515686,20544.95205,72.96237071,4,5
2023,"FLLA13140-66",0.296340708,0.145414256,367.1755901,13124.47154,57.99443474,5,2
2023,"FLLA13163-11",0.310569421,0.384069391,408.4673171,17076.6833,68.06093103,2,5
2023,"FLLA14099-15",0.288722919,0.377728704,550.1714413,23670.34101,110.1933188,1,4
2023,"FLLA14099-2",0.357924506,0.3720097,530.953035,19264.50249,74.03523848,3,2
2023,"FLLA14099-32",0.375716656,0.368076836,597.7380526,18748.66532,38.18269414,3,5
2023,"FLLA14244-43",0.303665894,0.342238571,370.4535202,16808.39107,132.966358,4,1
2023,"FLLA14244-73",0.293807776,0.361433455,424.4479532,17398.77496,75.92993582,3,5
2023,"FLLA14247-53",0.36943315,0.303572188,319.1330723,18297.37576,77.62534463,3,5
2023,"FLLA14247-64",0.402207794,0.383874458,382.0350202,13339.7744,77.24604439,3,4
2023,"FLLA16124LDH-51",0.375690445,0.370198079,463.9024693,18216.10108,64.79362616,2,3
2023,"FLLA17059LDH084",0.331808325,0.367102972,465.5775153,22099.9377,106.8552849,5,4
2023,"FLLA18003-NDH003",0.361928065,0.317048509,330.4322264,16523.22305,64.13797174,5,1
2023,"FLLA18006-NDH015",0.351356814,0.402406102,450.635078,17747.19758,85.29151414,5,5
2023,"FLLCSF180011-011",0.453824029,0.25633445,326.5493457,12317.28571,38.39075456,2,3
2023,"FLLCSF180011-034",0.269046399,0.300909174,333.0855748,14488.68643,75.71539218,5,1
2023,"FLLCSF180011-063",0.372949203,0.338527336,405.7202447,22018.81623,62.1320046,1,2
2023,"FLLCSF180012-002",0.350418762,0.282255881,335.3736166,15644.88155,79.01274579,4,2
2023,"FLLCSF180013-006",0.28232986,0.353761379,411.9027892,17991.02769,74.38321771,4,4
2023,"FLLCSF180013-075",0.322590781,0.352022046,475.2557193,19770.2269,92.22284492,4,4
2023,"FLLCSF180014-046",0.300746027,0.28154633,461.5941305,20721.53875,132.8019555,4,4
2023,"FLNC13903LDH-12",0.377066874,0.329347737,354.5716779,17197.04976,84.03596657,5,2
2023,"FLNC13903LDH-15",0.420752705,0.391524349,378.5974653,14992.43593,47.03501778,5,1
2023,"GA-00034-7A17",0.319887318,0.326673232,381.7823465,18643.5264,74.70485729,4,5
2023,"GA00067-8E35",0.310296631,0.379149277,450.2180392,17836.22896,83.1645158,1,2
2023,"GA001138-8E36",0.421988137,0.323651401,376.3012148,17546.99086,63.58387804,2,5
2023,"GA001138-8E37",0.29654599,0.340646606,596.9845511,22796.06914,98.95410985,3,5
2023,"GA001142-9E23",0.27740117,0.316374412,343.0428608,17705.99471,94.8834621,1,1
2023,"GA001142-9E24",0.313315257,0.33256518,417.2731735,18771.1562,66.65205152,3,5
2023,"GA001169-7E15",0.611815411,0.288021498,320.7788499,17727.58651,32.61262466,5,1
2023,"GA011124-8LE32",0.299363628,0.30365795,413.0794338,18954.70211,74.23070366,4,2
2023,"GA011493-8E18",0.345253743,0.406904496,420.9102533,19716.50245,57.50444141,5,1
2023,"GA021245-9E16",0.382937621,0.296568718,315.1136557,13805.74629,33.48043922,2,2
2023,"GA021282-8A2",0.391520451,0.43906136,399.9205722,14009.57309,45.68844522,1,3
2023,"GA021338-9E4",0.304806847,0.352295737,372.5683741,16599.14344,60.70946241,5,2
2023,"GA021338-9EE11",0.331725586,0.363504666,422.9338036,20617.80025,90.0430243,3,4
2023,"GA02178-9E25",0.279379638,0.342185995,489.4453864,17174.5078,88.0042541,4,1
2023,"GA02264-8LE17",0.303932526,0.375904976,526.2031383,18893.13992,64.09376361,2,2
2023,"GA02343-9LE5",0.344935155,0.353271701,343.1747547,16011.82783,67.55277423,4,5
2023,"GA03060-9E29",0.290513014,0.346330305,349.4766443,16573.18324,60.98842796,1,5
2023,"GA031257-10E41",0.573638023,0.228920688,254.3374762,14532.30568,35.1872971,1,3
2023,"GA03185-12LE29",0.311730384,0.325458406,466.7557162,19803.5337,72.2086924,3,4
2023,"GA03564-10E25",0.322523554,0.293339537,375.9430685,18756.79254,110.1766273,3,5
2023,"GA03564-12E6",0.346516492,0.339770567,489.9515547,20315.49271,112.2111343,1,2
2023,"GA03564-9EE42",0.405570744,0.352685913,406.1889941,21733.98466,74.23474916,1,2
2023,"GA041271-10E39",0.310455775,0.384493506,580.0421486,19693.9404,71.18595969,5,2
2023,"GA041272-12E42",0.465518827,0.330946461,391.6246818,19419.61226,56.86744618,5,1
2023,"GA04434-12LE28",0.249304671,0.324646593,483.4933188,20728.4014,87.9653596,1,1
2023,"GA051033-13LE14",0.282387329,0.386973846,657.0792944,24386.03836,106.0571454,1,5
2023,"GA051207-14E53(13ESc11)",0.333966651,0.367616352,403.0811923,15271.49149,83.42884836,5,3
2023,"GA05450-15LE41",0.466430093,0.376165529,359.7311913,13303.17037,38.51906445,1,5
2023,"GA061082-13E24",0.335733061,0.321823146,407.5509927,18918.88312,60.3192611,3,4
2023,"GA061349-13-E5",0.238479304,0.409920806,502.4119295,18121.20965,133.7709765,5,1
2023,"GA061349-13E4",0.328409794,0.404018922,428.8838742,15194.66776,56.03824117,3,5
2023,"GA061471-15LE38",0.382994584,0.306681438,429.9841673,21362.4878,84.56748658,4,1
2023,"GA06283-15LE25",0.452329406,0.261479861,216.895409,10708.5707,40.97601578,4,3
2023,"GA071227-15LE7",0.363750519,0.26314051,424.4734762,18553.99637,66.61653582,2,2
2023,"GA071598-15LE12",0.314898227,0.379886093,398.8775976,17622.68647,81.18777071,2,4
2023,"GA071630-12LE9",0.328201842,0.372034845,323.9326726,14929.68231,77.14688824,1,1
2023,"GA07270-12E15",0.296532544,0.364618099,410.1843915,16078.47693,64.9844778,3,5
2023,"GA08028-15LE11",0.353305659,0.266417413,382.4495256,13599.8053,33.08032623,3,5
2023,"GA081018-15LE13",0.341663921,0.454938806,435.7366014,18447.26076,70.71246164,3,3
2023,"GA081018-15LE14",0.288165522,0.379458027,402.0390283,17166.19641,94.23613862,2,2
2023,"GA081183-15LE31",0.365904738,0.278264313,269.3070836,12700.86825,52.72399957,5,2
2023,"GA08250-15LE46",0.303858854,0.332373525,469.9264975,19905.1167,92.70665912,4,2
2023,"GA08510-15E9",0.366355034,0.390961744,561.068775,23388.904,60.59267447,4,4
2023,"GA09283-G1-G1",0.345707759,0.306571609,302.0755698,14438.00567,54.29536605,3,1
2023,"GA10041-15E59",0.389149368,0.314412767,343.9942578,14646.96125,47.89141316,3,3
2023,"GA981394-8A37",0.291674123,0.357282517,582.6812701,24877.48809,65.04047483,2,2
2023,"GA991371-6E12",0.276757176,0.364047822,541.4385154,20688.1121,85.31979545,3,3
2023,"Gore_JJ",0.380187315,0.325026941,438.2825988,14428.28658,55.0452332,3,4
2023,"Jamestown",0.411456082,0.325055976,331.6012339,18232.50312,66.41380005,3,5
2023,"LA01029D-139-3-C",0.530869992,0.330232287,405.5486095,21750.75456,64.64989652,1,3
2023,"LA01034D-235-1-C",0.348542056,0.381406684,384.0257984,16299.518,53.05322128,4,1
2023,"LA01034D-42-3-C",0.382033803,0.345006,518.444951,22067.86363,60.96224605,3,3
2023,"LA01110C-J10",0.324057816,0.348815276,397.6409327,15670.69857,63.65248879,1,5
2023,"LA01110D-100-6-4",0.350338693,0.365016611,402.621541,16828.69427,82.76908047,2,5
2023,"LA01110D-181-6-B",0.32736029,0.308444968,436.2358919,22633.45716,63.72864411,3,5
2023,"LA01110D-81-1-B",0.320036981,0.337856402,348.0647059,15233.17658,80.17346169,2,5
2023,"LA01110D-84-2-C",0.325879232,0.392972911,505.2978521,16228.11333,47.83910204,2,5
2023,"LA01113D-44",0.329886739,0.348302339,386.8527833,15543.31315,62.60783685,2,4
2023,"LA01138D-55",0.342217062,0.409455325,516.8043763,22600.54407,69.85631461,5,1
2023,"LA01139D-56-7-3",0.48970471,0.339375883,427.6798116,14022.8432,41.99383772,3,3
2023,"LA01139D-86-6-2",0.274680955,0.315560643,528.8243168,25372.02588,153.6699642,3,1
2023,"LA02007E227",0.317496573,0.315703285,451.8524524,18927.04586,56.74944728,5,4
2023,"LA02015E201",0.307820606,0.34414097,232.901538,10975.54392,82.54829498,1,3
2023,"LA02015E42",0.339038453,0.38852383,339.5283018,11749.97311,38.32802102,4,1
2023,"LA02024E12",0.365118353,0.323280357,425.2728252,17112.4327,57.44936234,5,4
2023,"LA02024E7",0.297090781,0.398998075,509.6222188,18729.75814,90.62988432,3,3
2023,"LA03012E-27",0.327341354,0.344410095,253.76708,10713.93169,63.13140746,2,3
2023,"LA03148E12",0.33534264,0.323044187,448.5162815,17478.62569,60.91442946,2,2
2023,"LA03161D-P1",0.330658469,0.378729012,420.4196932,15140.04016,62.19467278,5,2
2023,"LA03217E2",0.3455535,0.302556817,266.5146774,11083.77958,67.48749897,3,4
2023,"LA03224E-39",0.312039332,0.354617781,467.7327528,17198.97562,70.11532608,1,4
2023,"LA04041D-10",0.402335485,0.386440351,462.1052227,19093.28075,56.62200494,2,4
2023,"LA04089D-P10",0.378635472,0.36460106,464.3285058,16044.4887,69.71175989,5,3
2023,"LA05027D-26",0.344580883,0.329838907,420.210359,17875.9917,91.98300788,3,1
2023,"LA05032D-10",0.347149663,0.308361012,542.7551085,26665.78988,97.66799226,2,1
2023,"LA05145D-16",0.362384039,0.347798979,411.0990206,19378.96636,55.35760138,4,3
2023,"LA06020E-P16",0.430903677,0.414827631,482.5452893,16855.43204,55.87482597,5,3
2023,"LA06146E-P4",0.411352041,0.312546601,355.5567939,14260.5706,33.94738131,2,4
2023,"LA07102CW-P10",0.299776308,0.340128943,421.535467,17236.3117,68.96735188,4,4
2023,"LA07128C-91",0.314938056,0.400093459,368.3940348,17274.52405,135.5430584,4,4
2023,"LA08062C-P5",0.303769906,0.325145461,354.7279321,16171.71122,83.6910485,4,1
2023,"LA08090C-9-2",0.393519306,0.311935933,388.0524584,18722.70969,56.10341429,1,2
2023,"LA08095D-4",0.282363526,0.354300007,375.7059004,16797.3868,98.76529503,5,3
2023,"LA09011UB-2",0.390361454,0.388174713,364.2473485,13845.4621,51.27014011,1,4
2023,"LA09013UB-3",0.316537967,0.198245453,411.3335147,19920.28035,58.59049992,3,3
2023,"LA09122UB-43",0.300530003,0.347293964,473.6630988,18457.35369,60.4347599,5,3
2023,"LA09224C-28",0.312382622,0.315870743,360.44921,13174.96774,73.69178313,3,2
2023,"LA754",0.308513336,0.375500705,336.901789,11602.53668,49.81561299,2,5
2023,"LA95135",0.415859418,0.294002678,395.0293126,16826.2694,53.15750629,1,4
2023,"LA97113UC-124",0.368130982,0.364924868,437.3987925,18134.34016,48.87403896,4,5
2023,"MAGNOLIA",0.326440108,0.323457845,374.2183879,17406.33441,80.93300886,1,2
2023,"McNair_701",0.543699136,0.276065857,193.8303381,8513.084774,19.42482952,1,5
2023,"NC05-21642",0.272016975,0.314838973,474.5539404,21379.94328,82.25321912,3,5
2023,"NC06-20401",0.427996343,0.319070798,397.6730271,18098.97061,42.84485331,5,1
2023,"NC06-22379",0.363285537,0.292586584,459.5661018,20098.6885,77.17729308,1,1
2023,"NC08-23323",0.371229359,0.273172807,368.24525,14983.65776,54.80489661,4,5
2023,"NC08-23324",0.403953358,0.228098295,354.7774951,15088.46565,68.35487453,1,4
2023,"NC08-23383",0.345308204,0.355543602,358.1829171,16464.75428,86.46126042,5,2
2023,"NC10-25196",0.28474354,0.306526748,460.0971523,20213.21265,96.54880571,2,1
2023,"NC11-22289",0.272457608,0.379704274,389.3535434,14164.67378,70.4105733,5,1
2023,"NC11-23321",0.286540678,0.315971707,325.2694393,15225.99012,66.33390993,5,2
2023,"NC13-20076",0.39920576,0.349975763,353.4161611,16379.7197,42.25315954,2,2
2023,"NC13-20722",0.300667255,0.312382678,340.0046917,22357.55257,129.1101893,4,2
2023,"NC13-20773",0.188561768,0.32786984,446.4006356,19471.81231,67.5860457,4,2
2023,"NC13-21321",0.366760719,0.337227277,308.6573691,15168.96156,79.25339543,1,3
2023,"NC13-21338",0.273467552,0.314301268,391.3917412,14627.50746,62.92111987,2,4
2023,"Oglethorpe",0.347450917,0.378889647,301.0014763,16093.06306,61.68098104,4,2
2023,"Pioneer_2684_CG",0.328426945,0.36225452,389.7599273,18519.41932,67.7731914,1,2
2023,"Pioneer_26R61_JJ",0.30343057,0.352934951,312.4187431,11858.6866,85.47255115,4,3
2023,"Rosen",0.319103237,0.364067663,360.4618076,11178.3011,47.95908764,1,1
2023,"SCAR99175B1",0.385505875,0.34475659,327.4277911,14676.99602,48.13060887,4,1
2023,"SCAR99180A1",0.285804419,0.358165662,501.6243378,23648.3497,78.8673124,4,5
2023,"SCLA01111C-J7",0.322601274,0.367128429,500.8350943,19400.77806,105.4201784,1,1
2023,"SCLA1102G1",0.319131388,0.33027773,459.502061,18392.85464,78.12710937,5,5
2023,"SCLA1110B1",0.340155007,0.333718049,412.3183763,17764.17707,69.82026288,3,2
2023,"SCLA1110R1",0.422543657,0.302061968,378.472791,17997.4641,60.56174431,3,4
2023,"SCLA99049D-E1-J1",0.378297249,0.378289657,420.7349268,18375.4747,57.98499718,4,2
2023,"SCTX98-27A1",0.409396452,0.377683573,392.5170181,18599.73038,65.09112463,4,4
2023,"SCTX98-5B1",0.332656423,0.313975672,438.7819751,17964.67779,50.02560674,2,4
2023,"SCW010025D1",0.311179629,0.354481502,517.6715862,20345.46126,91.2886689,1,2
2023,"SCW010025G1",0.28540367,0.272691231,279.1354178,15994.08462,101.3025534,2,4
2023,"SCW010025G2",0.254561353,0.377893869,539.8012843,24070.41776,81.61717357,2,1
2023,"SCW010025H1",0.345259574,0.337997911,437.1172451,15282.56125,57.92898937,1,5
2023,"SCW010025L1",0.33665105,0.225511273,399.1421131,17718.00762,61.03422462,3,5
2023,"SCW990013A1",0.307021707,0.361790095,408.1614109,15856.6946,67.97902979,3,1
2023,"SCW990022B1",0.267348456,0.366398005,575.5249315,22063.91482,84.06865404,3,5
2023,"SCW990022C1",0.426567603,0.344847388,358.2714181,15372.61863,82.6357961,4,1
2023,"SH555",0.283596851,0.32406876,427.1924137,20768.88295,82.14439728,5,2
2023,"SS8641_JJ",0.310844406,0.33274221,284.3713814,16411.97647,93.734851,4,5
2023,"TX12D4625",0.34819684,0.3517821,406.3161031,19056.55979,65.87665772,4,3
2023,"TX12D4768",0.305327764,0.264810867,297.1159335,12510.77851,86.53640933,5,5
2023,"TX13D5129",0.278731742,0.333822601,464.2325524,22742.46095,79.01218242,1,4
2023,"TX13D5137",0.338580983,0.328786861,357.4085117,14168.06885,34.53088673,1,3
2023,"TX14D8086",0.310157496,0.306321196,360.4344234,17132.43501,70.78323085,1,1
2023,"TX14D8234",0.364235691,0.30800812,395.7604022,19196.56644,53.00881474,1,3
2023,"USG3120",0.372157386,0.343364826,363.312592,16247.69867,79.36507374,3,1
2023,"VA00W-38",0.251930581,0.260596225,212.1065511,11647.00302,69.51614912,2,5
2023,"VA01W713",0.411504769,0.312964159,329.9755181,11718.22599,34.36290465,2,5
2023,"VA07MAS4-7417-1-3-3",0.355827709,0.291785069,374.4585901,15630.94748,41.98612851,3,4
2023,"VA12W-72",0.301085436,0.35443241,328.8090456,15349.95014,70.20851441,5,4
2023,"VA12W-97",0.367500365,0.404481108,406.4532567,17257.48017,133.5551612,2,2
2023,"VA13W-124",0.296196429,0.370644184,369.7321843,20347.83758,111.389107,1,5
2023,"VA13W-177",0.312163436,0.353568977,379.6068226,20832.09302,107.4083466,4,4
2024,"AGS_2020",0.378009308,0.402890607,434.1878979,13118.05465,77.49458952,3,1
2024,"AGS_2060",0.391940533,0.394942198,453.3975447,14746.03474,39.06875445,5,3
2024,"AGS_2485",0.372576502,0.343431866,301.0186909,11013.7517,38.17973089,4,5
2024,"AGS_CL7",0.362467982,0.417360295,438.2175326,12347.12755,35.87247241,4,1
2024,"AGS2024",0.311416084,0.425373075,383.5808471,12782.46235,32.93693739,1,3
2024,"AGS2060",0.387783073,0.321772816,422.2966959,13133.72741,41.05468514,4,5
2024,"AGS3015",0.344252597,0.354279221,469.7222127,16720.77169,46.96299315,2,5
2024,"AR00090-1-1",0.3535535,0.330698726,336.7538335,11065.6008,38.06107538,2,4
2024,"AR00343-5-1",0.304477435,0.380516064,410.0068275,13561.29992,44.40682083,4,2
2024,"AR01008-12-2-C",0.339293362,0.322236501,436.7455893,14462.93893,38.98039204,5,1
2024,"AR01040-4-1",0.305498027,0.349197437,366.4719744,13539.5567,38.83878483,3,2
2024,"AR04084-1-3",0.304053633,0.361018715,386.4037895,15015.08168,33.85977324,4,3
2024,"AR04119-3",0.308574873,0.385474608,433.4436558,14158.4963,33.99253905,4,5
2024,"AR05067-1-2",0.323137896,0.347762112,474.5107398,14814.22715,41.52943021,5,1
2024,"AR07047-13-2",0.371882919,0.336165786,350.454402,11929.16047,31.98729174,4,3
2024,"AR07076-20-1",0.332471573,0.295428236,369.3889419,13027.95743,40.45718787,2,4
2024,"AR07090-1-4",0.300729604,0.35292896,546.4450105,18266.69344,52.45463294,5,3
2024,"AR07117-12-1",0.340355438,0.371178158,402.0832797,15431.21028,40.86445619,3,2
2024,"AR07124-1-4",0.326819506,0.361413992,442.3220081,14235.79347,63.51478847,1,4
2024,"AR910",0.261271415,0.339274629,382.0771945,13866.67624,45.18395314,1,5
2024,"ARLA05104F-18-1",0.345735462,0.358797387,405.3555691,13128.75667,30.08707952,5,2
2024,"ARLA07080C-3-4",0.367400331,0.327936665,387.181996,12966.67518,37.50173735,4,1
2024,"ARLA07084C-10-1",0.28933665,0.376943152,424.9758708,11795.81371,37.51290214,3,3
2024,"ARS05-0241",0.418171567,0.356089062,510.4929151,15489.40452,32.91632627,2,5
2024,"ARS09-776",0.457434569,0.283376367,268.3839602,10787.51106,34.53139548,5,2
2024,"Baldwin",0.305586026,0.235978835,379.4343541,18661.36108,97.16386145,5,5
2024,"Coker_9835_PM",0.356837558,0.410011868,662.6868107,22245.15005,42.03577409,3,1
2024,"Delta_King_GR9108",0.325416091,0.387799944,471.5049893,13920.43823,50.7650127,4,1
2024,"FL01108C-K2",0.326528794,0.384041636,557.6621651,18584.16555,71.4423749,4,5
2024,"FL02006C-K1",0.336499354,0.381274779,436.3486496,9627.414465,47.53590288,1,5
2024,"FL02036C-K6",0.476383193,0.373482073,395.4835734,11265.21155,30.77919388,2,4
2024,"FL02154C-K3",0.448983674,0.340599132,341.3011728,11575.58558,29.97330758,5,5
2024,"FL14007-11",0.378984374,0.368248354,526.5345816,13674.71129,48.68112532,2,2
2024,"FL14007-2",0.335172618,0.356542949,444.8931798,14949.65896,53.29479771,5,2
2024,"FL14007-36",0.315111205,0.401293542,525.8692387,14338.94484,31.87399007,4,2
2024,"FL14007-7",0.378032876,0.347433062,335.3629038,10511.48019,35.78179578,2,3
2024,"FL14020-56",0.338782268,0.349071664,577.8067504,16749.82127,18.44050143,2,5
2024,"FL14025-46",0.289091556,0.369116781,578.8068249,20357.33874,55.22222505,4,4
2024,"FL14025-49",0.417978783,0.380133185,465.5576408,15242.95126,38.93832656,3,3
2024,"FL14025-52",0.286179645,0.28095652,363.410022,12220.71196,35.24774266,4,1
2024,"FL14025-53",0.340846545,0.349413037,484.4241343,15407.09957,46.02057779,1,1
2024,"FL14025-66",0.320351741,0.430444148,554.3749079,18756.54247,52.32877477,3,5
2024,"FL14029-53",0.344063236,0.415033307,497.5218557,14007.48817,38.1061852,4,5
2024,"FL14029-76",0.274835474,0.287730156,455.1352278,15813.79708,68.73045106,1,3
2024,"FL14041-70",0.330709115,0.357209225,526.3420518,15791.65175,33.61594264,4,2
2024,"FL14047-57",0.327808237,0.310879281,417.9075843,16531.34532,48.70028819,1,2
2024,"FL14062-7",0.356028508,0.34426265,346.5389042,11818.97398,36.69642445,4,2
2024,"FL14062-9",0.367655503,0.416990437,451.8867,13342.50569,35.77613616,3,5
2024,"FL14064-74",0.334559551,0.368631945,511.5765513,16241.57689,40.68894831,1,4
2024,"FL14065-77",0.35971154,0.285544028,419.4926634,14919.89016,50.64881304,5,1
2024,"FL14088-52",0.355664804,0.333861142,425.0803708,16059.9144,49.11831874,2,3
2024,"FL14088-54",0.26391957,0.356318941,534.5824911,18710.19577,103.8043573,5,1
2024,"FL14088-75",0.300386843,0.365482944,565.1357789,17066.53279,53.26159424,4,5
2024,"FL14092-54",0.312378547,0.345202455,536.4583482,16517.00622,92.29885761,2,3
2024,"FL14094-42",0.370146637,0.371003765,434.0260223,16053.67783,34.991981,5,3
2024,"FL14094-52",0.376454471,0.402450112,389.4288651,9966.288686,32.46561339,5,5
2024,"FL14094-54",0.305317129,0.37496318,362.3674058,11348.71805,90.02327024,2,2
2024,"FL14094-62",0.387938163,0.375044846,418.1286303,11173.33789,37.3189001,5,4
2024,"FL14094-73",0.329019793,0.435675592,413.5559615,12799.37599,63.66612538,4,2
2024,"FL14094-74",0.299248166,0.350583061,514.6802716,15875.7848,54.84569134,3,3
2024,"FL14122-10",0.349825437,0.369319492,500.9460009,15509.86448,39.4828108,3,2
2024,"FL14125-17",0.444408251,0.256960739,445.656737,18251.91229,53.82824949,1,3
2024,"FL14125-24",0.356690836,0.386936427,458.7616181,12795.10941,35.36760029,3,3
2024,"FL14125-29",0.398383601,0.372373338,418.4504796,13140.09109,48.71011712,2,5
2024,"FL14126-50",0.284599075,0.241203544,488.3612962,15609.44853,40.66684036,4,3
2024,"FL14126-65",0.387725042,0.421446926,429.7368979,14232.9097,43.31470779,3,4
2024,"FL14126-76",0.368783722,0.377610088,430.4772016,15480.74066,38.48547223,5,5
2024,"FL14131-27",0.452119429,0.373424315,428.0151205,11096.24467,24.78748496,2,2
2024,"FL14131-31",0.350917272,0.376767465,383.5817461,13239.42759,37.88227684,2,1
2024,"FL14131-6",0.413604738,0.388342394,355.8034117,13887.4327,39.52520238,3,5
2024,"FL14142-26",0.329027383,0.409976228,400.6663163,15776.87949,57.04489011,4,3
2024,"FL14143-42",0.387553729,0.369118531,384.4281391,14688.70269,35.30714096,1,2
2024,"FL14157-33",0.295543062,0.421162587,656.7599579,21267.70403,52.84573526,1,5
2024,"FL14167LDH-158",0.460987107,0.326991689,355.7223533,13227.38472,33.62015239,2,3
2024,"FL14194-17",0.314764835,0.397440853,493.4142565,11576.44473,34.2176972,2,2
2024,"FL14218-17",0.304153594,0.392662981,397.0120434,10559.40211,41.5550192,4,3
2024,"FL14P368-LA09128UC-41",0.351270678,0.385401452,490.9331631,16036.00532,43.87629098,5,5
2024,"FL15020-50",0.325850233,0.369116909,412.4490303,15464.82231,53.53283031,2,2
2024,"FL15023-43",0.294959352,0.331109023,427.8162595,14277.91873,87.04366797,5,2
2024,"FL15023-56",0.347523999,0.375730535,407.5406239,12532.36204,41.7545954,3,3
2024,"FL15034-7",0.431362686,0.344123461,322.4826978,10893.39567,35.1883517,5,1
2024,"FL15052-18",0.391737,0.365566575,455.121421,15841.99512,33.37529364,1,1
2024,"FL15078-44",0.394179371,0.372412083,338.3612996,14119.73325,42.58519711,2,4
2024,"FL15090-6",0.288628887,0.354578682,573.2844659,17254.79738,55.15338589,4,2
2024,"FL15099-73",0.372590582,0.304296306,392.8810328,13098.09744,39.92202786,1,3
2024,"FL15100-8",0.380449094,0.357160343,372.94463,11476.30046,38.76602775,2,3
2024,"FL15105-LDH039",0.320056072,0.36742836,354.9167832,13221.96247,42.42443494,1,1
2024,"FL15105-LDH043",0.351604591,0.357211438,560.9693524,20280.60312,84.77027257,2,5
2024,"FL15105-LDH179",0.370624937,0.348116016,379.2346414,15129.92613,58.29777895,5,1
2024,"FL15105-LDH265",0.39613994,0.403579986,509.8991224,17259.15264,50.52777985,3,5
2024,"FL15113-71",0.332330571,0.366349845,559.0022361,16456.34781,62.85692557,1,5
2024,"FL16009LDH-16",0.33215301,0.389227347,574.6538176,15285.10249,47.69735816,5,5
2024,"FL16009LDH-18",0.299219307,0.317046668,547.7385149,19147.34747,47.82756488,1,3
2024,"FL16016LDH-43",0.438575536,0.440223525,436.5441721,11982.59216,36.90750425,3,1
2024,"FL16016LDH-48",0.350903427,0.368098851,484.3185615,14636.2771,46.13435575,3,1
2024,"FL16027LDH-42",0.401519347,0.34401774,377.7931704,12846.79262,34.39750495,2,5
2024,"FL16045LDH-25",0.374691158,0.376441346,565.8573663,13096.84928,31.43490375,2,5
2024,"FL17022DH-1",0.356309466,0.342582088,459.6199783,16433.65591,54.55794523,4,5
2024,"FL17022DH-35",0.3319249,0.422060967,576.0415434,18775.63838,39.73366782,2,3
2024,"FL17056DH-59",0.31737938,0.355947431,366.4404818,12533.41895,39.74615065,3,5
2024,"FL17056DH-92",0.309017857,0.346117617,464.0297037,16878.30509,78.39340233,2,2
2024,"FL17103DH-32",0.382807434,0.319063578,484.7457759,17685.18414,74.97791114,2,2
2024,"FL17103DH-34",0.344944636,0.337908306,375.5645586,11714.1391,30.13320138,5,5
2024,"FL17103DH-47",0.411090155,0.301642731,358.6691248,13074.62569,35.05157997,2,3
2024,"FLAR160389LDH-43",0.308168897,0.342121821,378.9132372,12916.26777,30.89018241,5,5
2024,"FLAR160389LDH-47",0.393329147,0.344722559,417.238644,12446.34891,25.72134711,3,4
2024,"FLAR160389LDH-57",0.435932481,0.299741967,427.0291798,20946.97753,79.38159864,5,1
2024,"FLAR160643LDH-48",0.346222845,0.393849933,577.966908,15561.77281,41.53996107,1,3
2024,"FLAR160643LDH-52",0.316704891,0.291699419,492.3899829,18674.86829,57.10467595,3,5
2024,"FLGA11025-58",0.326914454,0.347401965,534.5679756,19799.18755,99.65205462,2,3
2024,"FLGA11025-62",0.338433533,0.395514972,650.7682596,19168.96839,57.04884112,3,5
2024,"FLGA111151-41",0.330841139,0.338389017,362.3586379,13714.25982,51.94328759,1,3
2024,"FLGA111151-55",0.325152613,0.369078333,475.4100347,13932.05654,48.6329642,1,1
2024,"FLGA111151-61",0.318856556,0.377380038,524.4072279,13683.06764,36.03335425,5,4
2024,"FLGA111151-67",0.286631326,0.359975848,429.9946722,13584.95488,50.65145221,2,1
2024,"FLGA111151-80",0.286860545,0.402233528,529.5953922,18589.54947,105.4883106,5,3
2024,"FLGA111515-61",0.295290167,0.377419291,573.9618828,17518.71313,51.11409031,4,2
2024,"FLGA111576-38",0.260917775,0.326238485,563.3213838,17009.81883,66.92832843,2,3
2024,"FLGA11375-25",0.342568629,0.365395953,490.6271943,13869.31763,38.6213295,1,3
2024,"FLGA11445-61",0.33128248,0.381056882,483.3041713,14717.18543,37.56732257,1,5
2024,"FLGA161137LDH-23",0.440398463,0.416400741,425.2547114,11255.68458,37.88703133,3,2
2024,"FLGA161137LDH-63",0.30436893,0.318182708,531.3595671,17495.63813,64.49619704,3,1
2024,"FLGA181103-107NCDH",0.320288532,0.37256541,493.6680494,16247.07858,69.48967375,2,2
2024,"FLGA181103-44NCDH",0.365150955,0.34569614,557.4887159,18816.39426,94.01585189,1,3
2024,"FLGA181103-6NCDH",0.321723277,0.352035068,411.7887226,14844.5166,49.48750722,4,2
2024,"FLLA11004-7",0.363067594,0.359155143,447.1526254,15324.4647,36.34747517,2,1
2024,"FLLA12145-7",0.378935571,0.372256867,475.2836271,14852.10263,38.90736259,1,3
2024,"FLLA13039-32",0.320204733,0.352774987,471.8896278,16330.56003,49.17293055,1,4
2024,"FLLA13039-36",0.323326552,0.370131376,533.6955895,16972.6923,62.23517442,3,2
2024,"FLLA13069-55",0.403899617,0.396308554,409.5479999,11366.89008,30.87946941,4,1
2024,"FLLA13140-66",0.354775852,0.313903414,491.0205975,12807.11393,30.15781439,5,4
2024,"FLLA13163-11",0.317291226,0.306714576,404.1721679,13710.79015,55.73015461,2,2
2024,"FLLA14099-15",0.341993302,0.355763755,429.3066767,14817.37769,32.1152265,1,1
2024,"FLLA14099-2",0.391754193,0.431042618,375.8015115,10468.38711,45.11322648,3,4
2024,"FLLA14099-32",0.419146782,0.35637377,451.1481539,15253.48302,36.83981322,3,1
2024,"FLLA14244-43",0.27824954,0.335885482,471.3367819,18390.54093,62.38,4,2
2024,"FLLA14244-73",0.370088236,0.361949311,342.9039336,8647.851566,33.09936517,3,4
2024,"FLLA14247-53",0.361055811,0.327038557,431.9626214,15307.98749,63.83640489,3,4
2024,"FLLA14247-64",0.401727816,0.359999669,382.8065213,11562.6615,43.20715668,3,1
2024,"FLLA16124LDH-51",0.290367179,0.428094582,622.5306615,19308.0943,98.51273473,2,4
2024,"FLLA17059LDH084",0.364386272,0.399825587,391.0056927,13505.61321,64.47406327,5,2
2024,"FLLA18003-NDH003",0.349007128,0.320879206,409.0385388,13483.45881,34.32134521,5,2
2024,"FLLA18006-NDH015",0.323522178,0.33311639,546.8603237,17582.5964,75.08386501,5,2
2024,"FLLCSF180011-011",0.36733297,0.287864025,516.8286649,16537.55464,75.28531017,2,4
2024,"FLLCSF180011-034",0.309035276,0.380327893,623.0054967,17720.88525,54.4190819,5,3
2024,"FLLCSF180011-063",0.379965382,0.296920794,346.0527223,13379.79966,70.62697883,1,4
2024,"FLLCSF180012-002",0.306130166,0.325190272,250.918054,9951.040901,42.98529394,4,5
2024,"FLLCSF180013-006",0.346912568,0.378465842,491.6307793,17861.41483,61.73135752,4,5
2024,"FLLCSF180013-075",0.360754267,0.358781282,502.9338865,15470.2916,38.57405928,4,3
2024,"FLLCSF180014-046",0.364125189,0.365260901,463.4603493,15181.13259,45.88512555,4,1
2024,"FLNC13903LDH-12",0.311065791,0.357602836,436.6158094,15696.82204,47.27800704,5,4
2024,"FLNC13903LDH-15",0.332535913,0.342444956,508.0948967,14835.86585,80.53358922,5,5
2024,"GA-00034-7A17",0.326960291,0.381654346,519.5936301,14237.25006,44.70397998,4,3
2024,"GA00067-8E35",0.309601571,0.351903496,333.1304853,10865.12264,34.14494943,1,3
2024,"GA001138-8E36",0.389339548,0.348765068,431.8657917,15749.26162,34.22891877,2,4
2024,"GA001138-8E37",0.301819674,0.345085465,502.162881,15206.5325,47.5206313,3,1
2024,"GA001142-9E23",0.354142116,0.339344653,326.4541984,12476.20172,37.88517019,1,3
2024,"GA001142-9E24",0.408089906,0.405666175,385.518022,10663.4848,27.72580293,3,3
2024,"GA001169-7E15",0.457809277,0.344646238,376.8824138,16300.35512,41.61425363,5,2
2024,"GA011124-8LE32",0.317281576,0.328252227,485.2260104,15442.62512,65.13327497,4,1
2024,"GA021245-9E16",0.436441873,0.304720329,275.9038235,12118.99813,35.69231931,2,1
2024,"GA021282-8A2",0.456211321,0.410537833,298.4196951,9093.970153,27.52565302,1,4
2024,"GA021338-9E4",0.267392166,0.354736727,358.9443035,12672.41587,33.61290714,5,1
2024,"GA021338-9EE11",0.34846229,0.396321671,416.4526491,14085.21951,39.473268,3,3
2024,"GA02178-9E25",0.41462858,0.334557099,365.4858926,12045.28654,34.32517015,4,3
2024,"GA02264-8LE17",0.436595633,0.336678918,359.0207363,10039.61315,39.1819742,2,3
2024,"GA02343-9LE5",0.315717195,0.38405423,461.6962343,13678.88868,33.96042016,4,3
2024,"GA03060-9E29",0.340314331,0.383170692,394.0269322,15084.65668,39.0868941,1,4
2024,"GA031257-10E41",0.509841157,0.32624652,222.464769,8482.31666,29.80744003,1,4
2024,"GA03185-12LE29",0.380711017,0.389543863,341.2139316,10252.69598,37.71789836,3,5
2024,"GA03564-10E25",0.352241728,0.264095506,425.982208,14321.70172,48.94761654,3,1
2024,"GA03564-12E6",0.312346444,0.360353627,509.1673562,13651.11831,28.37572141,1,3
2024,"GA03564-9EE42",0.41478058,0.322740256,256.7489659,9786.944987,33.32761266,1,4
2024,"GA041272-12E42",0.460703077,0.337578892,328.8940561,12153.75729,28.59256935,5,4
2024,"GA04434-12LE28",0.312997591,0.33301134,523.2437185,16278.61235,64.99554379,1,4
2024,"GA051033-13LE14",0.327591776,0.32628034,404.0336229,13940.28717,43.22735829,1,4
2024,"GA051207-14E53(13ESc11)",0.277600175,0.337973772,666.2492725,22047.60142,92.27159956,5,5
2024,"GA05450-15LE41",0.374680134,0.340907883,475.4415577,17468.67046,52.87276221,1,3
2024,"GA061082-13E24",0.311716882,0.383394057,535.8146507,15063.73877,33.33816457,3,2
2024,"GA061349-13-E5",0.368139233,0.448992073,454.9116151,12818.39375,34.28376637,5,5
2024,"GA061349-13E4",0.320618121,0.307544223,261.6833692,9548.109784,55.98085048,3,1
2024,"GA061471-15LE38",0.369272274,0.317868434,484.393106,18214.88786,85.5084456,4,3
2024,"GA06283-15LE25",0.372645005,0.402271986,457.4423558,13861.4683,32.31759711,4,4
2024,"GA071227-15LE7",0.347197545,0.280887944,434.9240006,16780.18004,64.9175025,2,5
2024,"GA071598-15LE12",0.348608638,0.392859011,340.9417914,10660.67635,35.64919603,2,5
2024,"GA071630-12LE9",0.393059071,0.382129472,417.8339489,11942.97709,29.48273308,1,4
2024,"GA07270-12E15",0.327123455,0.348234301,458.685281,17517.13345,44.94630344,3,2
2024,"GA08028-15LE11",0.338327761,0.378462878,516.4044296,15357.21159,37.39160022,3,1
2024,"GA081018-15LE13",0.324677971,0.425487139,623.1076031,16178.42468,47.40171063,3,2
2024,"GA081018-15LE14",0.382441615,0.315915937,317.1361181,10121.94326,53.99255192,2,5
2024,"GA081183-15LE31",0.368970332,0.336041162,316.8644813,11106.90631,44.64807811,5,5
2024,"GA08250-15LE46",0.375405604,0.328846291,347.7309337,13031.08052,30.46262159,4,5
2024,"GA08510-15E9",0.387850101,0.410799352,576.2594119,16004.36953,37.75266876,4,2
2024,"GA09283-G1-G1",0.381844474,0.336268886,352.9460567,12953.102,36.61748127,3,5
2024,"GA10041-15E59",0.356882391,0.394123196,384.8408121,12340.82676,40.37693665,3,2
2024,"GA981394-8A37",0.370782587,0.353901817,311.171117,9916.340518,27.18984152,2,1
2024,"GA991371-6E12",0.358226174,0.419028721,355.5873989,9759.773611,32.62177727,3,5
2024,"Gore_JJ",0.374301224,0.383393953,396.3600597,12794.86321,36.88201758,3,3
2024,"Jamestown",0.345731725,0.334364718,403.1536754,15863.0929,56.37148807,3,3
2024,"LA01034D-235-1-C",0.343744575,0.359586992,343.7077408,9740.754469,40.69563552,4,4
2024,"LA01110D-100-6-4",0.362239685,0.328111627,332.7430864,13083.66623,39.08926579,2,2
2024,"LA01110D-181-6-B",0.282801897,0.374318931,442.8745884,13220.61346,36.00691206,3,3
2024,"LA01110D-81-1-B",0.431785376,0.387346336,295.8292692,9122.783239,25.58735667,2,4
2024,"LA01110D-84-2-C",0.292188147,0.403803837,564.1543934,15895.01983,59.8289863,2,3
2024,"LA01113D-44",0.334489816,0.342827286,362.1016344,11245.2441,32.53727301,2,3
2024,"LA01138D-55",0.364511656,0.373671522,492.2335117,14846.568,55.58001586,5,2
2024,"LA01139D-56-7-3",0.370745048,0.299261356,556.7434342,19640.41057,55.39714372,3,2
2024,"LA01139D-86-6-2",0.30019841,0.352955805,355.9231577,12514.51647,49.83696361,3,5
2024,"LA02007E227",0.285409319,0.279535313,447.5172099,15107.17541,41.67912131,5,3
2024,"LA02015E201",0.39252585,0.371264996,432.9517402,11823.5016,40.98524117,1,2
2024,"LA02015E42",0.342516259,0.362332556,403.4358513,12508.53931,37.90872431,4,3
2024,"LA02024E12",0.40749019,0.314536477,406.8618876,13262.90694,27.26889918,5,5
2024,"LA02024E7",0.321278541,0.434610898,502.9706751,13155.30264,35.1498681,3,5
2024,"LA03012E-27",0.347618339,0.414337195,558.4116573,17339.15803,46.5867428,2,2
2024,"LA03148E12",0.340708288,0.396108582,439.0568843,11077.27021,39.46700048,2,5
2024,"LA03161D-P1",0.427078166,0.374527713,327.3087414,10545.70629,34.86552296,5,3
2024,"LA03217E2",0.411714384,0.389337274,313.4224529,9879.375648,29.69685165,3,2
2024,"LA03224E-39",0.303963864,0.373157713,554.3276506,14564.79054,42.0068668,1,1
2024,"LA04041D-10",0.347645954,0.314692467,387.3033088,13194.47625,36.41655277,2,2
2024,"LA04089D-P10",0.392089118,0.37586311,374.6014848,10070.80876,29.21196445,5,5
2024,"LA05027D-26",0.302180993,0.41239257,435.5743045,12218.34731,41.16621408,3,2
2024,"LA05032D-10",0.333572967,0.355116049,408.4364282,14265.8062,48.24239665,2,4
2024,"LA05145D-16",0.373639336,0.373637031,470.8105099,13902.52251,33.40915855,4,5
2024,"LA06020E-P16",0.445315006,0.428216343,498.0965428,13984.656,28.786816,5,2
2024,"LA06146E-P4",0.395839175,0.369456104,429.6237576,11347.16199,40.56474527,2,2
2024,"LA07102CW-P10",0.326061517,0.334882999,364.198495,12829.79183,34.26417013,4,1
2024,"LA07128C-91",0.321605063,0.348592757,431.9149565,15670.46984,39.54821093,4,5
2024,"LA08062C-P5",0.374711571,0.296617331,415.2765127,14351.18588,50.49223143,4,2
2024,"LA08090C-9-2",0.327578,0.336803784,517.9230902,20384.19306,50.21778522,1,4
2024,"LA08095D-4",0.341714325,0.412708069,332.5215164,9916.36459,32.57764574,5,2
2024,"LA09011UB-2",0.310949808,0.404891176,565.1872924,18418.32742,59.32614902,1,3
2024,"LA09013UB-3",0.329324822,0.345777729,424.1970568,14848.84876,38.04385646,3,2
2024,"LA09122UB-43",0.342162344,0.376805126,403.6818768,11003.28778,31.15237283,5,4
2024,"LA09224C-28",0.367949594,0.364737126,506.5570215,16943.70871,43.43518591,3,4
2024,"LA754",0.294382018,0.443970009,636.6367634,13486.39972,37.25644736,2,1
2024,"LA95135",0.338155851,0.37410392,347.9247176,12793.28244,50.15139409,1,3
2024,"LA97113UC-124",0.289348483,0.34760795,371.0467813,11577.25308,39.41234675,4,4
2024,"MAGNOLIA",0.337335783,0.365371901,460.1666389,15472.46114,66.25335978,1,1
2024,"McNair_701",0.471995092,0.348994973,268.5617825,8854.681128,31.88616891,1,2
2024,"NC05-21642",0.310173678,0.372325011,489.2674674,14951.06171,42.88245277,3,1
2024,"NC06-20401",0.477313528,0.36473188,297.8057576,12097.23704,34.44734551,5,5
2024,"NC06-22379",0.298989148,0.309168783,439.3824278,14522.54543,52.46586797,1,3
2024,"NC08-23323",0.379747716,0.31659453,279.7656641,10137.76083,36.06631844,4,1
2024,"NC08-23324",0.307909076,0.335083195,554.2793465,18420.15581,81.64619407,1,1
2024,"NC08-23383",0.353071028,0.307986348,532.6454488,19689.5844,60.09800583,5,5
2024,"NC10-25196",0.246994911,0.336105615,626.1837283,17863.81229,48.91417549,2,3
2024,"NC11-22289",0.321792705,0.366142055,480.3521365,14336.89205,46.66456952,5,5
2024,"NC11-23321",0.273167637,0.357313581,478.2781833,15553.65398,64.06510866,5,5
2024,"NC13-20076",0.403431758,0.332031647,314.7232524,13417.35241,32.46696462,2,4
2024,"NC13-20722",0.488285903,0.373465908,408.1883847,15778.97083,36.8992921,4,4
2024,"NC13-20773",0.304069879,0.341512484,450.8669574,15077.30881,44.95297986,4,5
2024,"NC13-21321",0.393204232,0.331627561,330.8964403,13133.96215,29.49801213,1,5
2024,"NC13-21338",0.296233139,0.352286808,385.2981335,11318.44094,37.79392895,2,1
2024,"Oglethorpe",0.313389945,0.393945164,525.4672521,14292.40874,43.99666377,4,1
2024,"Pioneer_2684_CG",0.342637393,0.343735971,431.008889,14653.38292,54.90918801,1,5
2024,"Pioneer_26R61_JJ",0.336300787,0.314710825,410.7516411,13519.3813,46.78079493,4,1
2024,"Rosen",0.327064549,0.383367232,286.9960789,8080.337806,36.38801834,1,5
2024,"SCAR99175B1",0.303766534,0.373495769,524.1540784,14829.08188,30.17393036,4,2
2024,"SCAR99180A1",0.303327405,0.341032582,406.146579,14116.62347,56.40553285,4,2
2024,"SCLA01111C-J7",0.34927615,0.329730348,414.6473094,13409.7635,67.22608827,1,3
2024,"SCLA1102G1",0.360752049,0.377532836,477.0565394,15746.96106,32.99957103,5,2
2024,"SCLA1110B1",0.335483545,0.383334824,450.5347059,15666.90492,64.46441488,3,4
2024,"SCLA1110R1",0.515770119,0.356321841,229.3417278,8333.984106,33.6895711,3,1
2024,"SCLA99049D-E1-J1",0.308071676,0.396170028,554.5867715,15855.28477,49.28515776,4,3
2024,"SCTX98-27A1",0.355565155,0.404801996,472.7472023,15984.53842,40.81851427,4,1
2024,"SCTX98-5B1",0.396916053,0.353357679,422.2610945,13514.28853,37.27991547,2,1
2024,"SCW010025D1",0.377893058,0.371292344,449.4565488,13802.78291,38.46423932,1,5
2024,"SCW010025G1",0.303944533,0.430090602,470.9648342,16504.89771,53.17367734,2,1
2024,"SCW010025G2",0.300133606,0.371962862,533.7125508,17978.48646,83.67627455,2,3
2024,"SCW010025H1",0.287991281,0.305509037,395.4109265,12980.12295,51.66072997,1,4
2024,"SCW010025L1",0.37123936,0.427244958,386.3239278,12025.15764,39.74034175,3,3
2024,"SCW990013A1",0.322531596,0.404900265,437.7262195,12345.79171,36.00786271,3,3
2024,"SCW990022B1",0.331889769,0.406480521,539.9423255,15163.99613,48.32817756,3,2
2024,"SCW990022C1",0.392077963,0.359450748,375.7096461,12614.79996,30.19844927,4,5
2024,"SH555",0.34660512,0.308042236,394.5936665,14835.64105,46.51994309,5,1
2024,"SS8641_JJ",0.333237648,0.374306316,456.5122315,16322.16323,44.13300642,4,2
2024,"TX12D4625",0.29813862,0.310644018,544.6708595,18394.23165,88.67736311,4,4
2024,"TX12D4768",0.372617076,0.351346137,380.3282365,11075.16519,37.68458444,5,1
2024,"TX13D5129",0.264085235,0.337703992,508.5058944,16991.04139,81.70047034,1,3
2024,"TX13D5137",0.367451278,0.335539415,428.4087207,13813.15641,38.41312478,1,4
2024,"TX14D8086",0.346011925,0.352028986,353.0989633,11909.62674,25.9272425,1,3
2024,"TX14D8234",0.319874902,0.337798179,435.1198901,15798.65867,44.55627781,1,2
2024,"USG3120",0.373932569,0.42353672,416.8083699,12389.60914,32.38328104,3,3
2024,"VA00W-38",0.304201117,0.339395694,466.895567,15968.74521,51.84513338,2,2
2024,"VA01W713",0.457266513,0.368263566,423.8440988,12762.20506,31.54979368,2,4
2024,"VA07MAS4-7417-1-3-3",0.302613757,0.381553084,391.1628712,12339.90342,47.53581379,3,1
2024,"VA12W-72",0.317533006,0.375339549,545.942536,15482.28087,101.1700666,5,1
2024,"VA12W-97",0.313155389,0.300738984,461.7499782,16842.16138,76.23696418,2,3
2024,"VA13W-124",0.298615889,0.452549281,464.2629562,14707.41826,61.80974328,1,4
2024,"VA13W-177",0.336568413,0.363725025,436.3981463,19304.47841,63.27727808,4,2
